Owner Gaia Id,Item Id,Conference Id,Item Type,Meeting Code,Event Id,Thread Id,Inbox Id,Call Direction,Start Time,End Time,Duration,Direct Call Result,Participation State,Call Counterparts,Meeting Media Type,Start Time (IST),Start Time Date Shifted,End Time (IST),End Time Date Shifted
100000000001,70bdf534-ba8e-4dbf-8d92-4ed66c5e9ae0,conf_e7cbe70dd3a241459fa05b94c31d7f7c,meet:meeting,dev-sync-team,,thread_70bdf534-ba8e-4dbf-8d92-4ed66c5e9ae0,meet,,2024-03-01 16:10:43 UTC,2024-03-01 17:38:45 UTC,1:28:02,,PARTICIPATED,,,2024-03-01 21:40:43 IST,False,2024-03-01 23:08:45 IST,False
100000000001,d8120984-79bb-4605-b063-6e3eb6d602da,conf_335aa0b0b5984084b597343ce5e7b274,meet:meeting,abc-defg-hij,,thread_d8120984-79bb-4605-b063-6e3eb6d602da,meet,,2024-03-07 17:25:50 UTC,2024-03-07 18:47:39 UTC,1:21:49,,PARTICIPATED,,,2024-03-07 22:55:50 IST,False,2024-03-08 00:17:39 IST,False
100000000001,8d2954f5-84a6-4ba6-8319-308455f76fc1,conf_23b1eaea5b614505a76e8774d82393f8,meet:meeting,rst-uvwx-yza,,thread_8d2954f5-84a6-4ba6-8319-308455f76fc1,meet,,2024-03-13 15:04:55 UTC,2024-03-13 16:09:53 UTC,1:04:58,,PARTICIPATED,,,2024-03-13 20:34:55 IST,False,2024-03-13 21:39:53 IST,False
100000000001,e7fc0aa9-1b1e-494d-b7ac-f26703a24f13,conf_663fb8e5ec3e470989cf4d65df4c640a,meet:meeting,dev-sync-team,,thread_e7fc0aa9-1b1e-494d-b7ac-f26703a24f13,meet,,2024-03-20 20:08:58 UTC,2024-03-20 20:30:48 UTC,0:21:50,,PARTICIPATED,,,2024-03-21 01:38:58 IST,False,2024-03-21 02:00:48 IST,False
100000000001,eb2ab2bb-2605-4d32-9dd4-db8e5e656077,conf_4c7c6ec01e93468bbb457b36b6e81995,meet:meeting,kmn-prqt-wxy,,thread_eb2ab2bb-2605-4d32-9dd4-db8e5e656077,meet,,2024-03-26 18:22:26 UTC,2024-03-26 18:59:09 UTC,0:36:43,,PARTICIPATED,,,2024-03-26 23:52:26 IST,False,2024-03-27 00:29:09 IST,False
100000000001,38e66475-770e-412d-b81f-f99d24095201,conf_5cc472e3cad24fd4b86333e60519e606,meet:meeting,kmn-prqt-wxy,,thread_38e66475-770e-412d-b81f-f99d24095201,meet,,2024-03-31 15:37:38 UTC,2024-03-31 17:02:05 UTC,1:24:27,,PARTICIPATED,,,2024-03-31 21:07:38 IST,False,2024-03-31 22:32:05 IST,False
100000000001,f112fd1e-a749-4d6f-a1e4-4f6e7fd2af53,conf_f0b5d8f3da524dc6b9b7d00877869917,meet:meeting,abc-defg-hij,,thread_f112fd1e-a749-4d6f-a1e4-4f6e7fd2af53,meet,,2024-04-08 21:39:44 UTC,2024-04-08 22:00:05 UTC,0:20:21,,PARTICIPATED,,,2024-04-09 03:09:44 IST,False,2024-04-09 03:30:05 IST,False
100000000001,328fa2f5-4cf4-49a5-8465-863275c93f84,conf_07fda50067464b14b921dcee5a1a4ced,meet:meeting,tcj-dshy-pxs,,thread_328fa2f5-4cf4-49a5-8465-863275c93f84,meet,,2024-04-17 19:31:20 UTC,2024-04-17 20:13:54 UTC,0:42:34,,PARTICIPATED,,,2024-04-18 01:01:20 IST,False,2024-04-18 01:43:54 IST,False
100000000001,4d9f8a04-983f-4b0f-94ea-0e951e0df5ef,conf_2d2d1c8802b04496a779795252c55abb,meet:meeting,rst-uvwx-yza,,thread_4d9f8a04-983f-4b0f-94ea-0e951e0df5ef,meet,,2024-04-25 20:17:12 UTC,2024-04-25 21:00:36 UTC,0:43:24,,PARTICIPATED,,,2024-04-26 01:47:12 IST,False,2024-04-26 02:30:36 IST,False
100000000001,acc8d700-fb30-45e4-b0be-bc32713c26a0,conf_071c23a089ff409991ce02388fe9193e,meet:meeting,rst-uvwx-yza,,thread_acc8d700-fb30-45e4-b0be-bc32713c26a0,meet,,2024-05-05 15:09:53 UTC,2024-05-05 15:45:17 UTC,0:35:24,,PARTICIPATED,,,2024-05-05 20:39:53 IST,False,2024-05-05 21:15:17 IST,False
100000000001,3872dda5-c4f3-453b-ae48-bf7cd6d7b716,conf_2f710b60224641a3a3ed4fce666ddbc5,meet:meeting,arch-forum-live,,thread_3872dda5-c4f3-453b-ae48-bf7cd6d7b716,meet,,2024-05-14 15:13:01 UTC,2024-05-14 15:44:32 UTC,0:31:31,,PARTICIPATED,,,2024-05-14 20:43:01 IST,False,2024-05-14 21:14:32 IST,False
100000000001,a538f9fc-969d-4cb9-9788-a922bcd013ba,conf_bca4c21ad56f433da287140c5b2701b2,meet:meeting,abc-defg-hij,,thread_a538f9fc-969d-4cb9-9788-a922bcd013ba,meet,,2024-05-19 17:16:42 UTC,2024-05-19 17:43:47 UTC,0:27:05,,PARTICIPATED,,,2024-05-19 22:46:42 IST,False,2024-05-19 23:13:47 IST,False
100000000001,87a1fd8e-4333-4470-ad64-0d077015dce9,conf_3bf0ca451654437ab2b9b5e7ee045cca,meet:meeting,rst-uvwx-yza,,thread_87a1fd8e-4333-4470-ad64-0d077015dce9,meet,,2024-05-29 16:30:19 UTC,2024-05-29 17:46:10 UTC,1:15:51,,PARTICIPATED,,,2024-05-29 22:00:19 IST,False,2024-05-29 23:16:10 IST,False
100000000001,a5da5c7f-7b74-4686-869e-ecb1c19dc8ef,conf_c7b7028d33e14e458c6568ea82b5ca8e,meet:meeting,eng-review-core,,thread_a5da5c7f-7b74-4686-869e-ecb1c19dc8ef,meet,,2024-06-07 16:21:23 UTC,2024-06-07 16:41:31 UTC,0:20:08,,PARTICIPATED,,,2024-06-07 21:51:23 IST,False,2024-06-07 22:11:31 IST,False
100000000001,5ac83d43-bd45-43a8-a1c1-3345533ea006,conf_a7a469e4dc8c4a269e9db3b1637178e4,meet:meeting,rst-uvwx-yza,,thread_5ac83d43-bd45-43a8-a1c1-3345533ea006,meet,,2024-06-17 20:44:43 UTC,2024-06-17 21:14:41 UTC,0:29:58,,PARTICIPATED,,,2024-06-18 02:14:43 IST,False,2024-06-18 02:44:41 IST,False
100000000001,0b156cf7-9810-4ceb-bf09-cd7dbc8a865e,conf_5ca877b7ce1b4785b14d38c1a3585053,meet:meeting,abc-defg-hij,,thread_0b156cf7-9810-4ceb-bf09-cd7dbc8a865e,meet,,2024-06-25 14:35:38 UTC,2024-06-25 15:24:12 UTC,0:48:34,,PARTICIPATED,,,2024-06-25 20:05:38 IST,False,2024-06-25 20:54:12 IST,False
100000000001,82a0bf55-fcbd-47e4-8a7b-660cc761a167,conf_afc01a31a72941ff8d6e91fbdc3b1f06,meet:meeting,abc-defg-hij,,thread_82a0bf55-fcbd-47e4-8a7b-660cc761a167,meet,,2024-07-05 21:42:10 UTC,2024-07-05 23:08:52 UTC,1:26:42,,PARTICIPATED,,,2024-07-06 03:12:10 IST,False,2024-07-06 04:38:52 IST,False
100000000001,6c5fe8e9-e675-415e-bf6b-a40b72be52d9,conf_ecb96663cc014d7aa07ed99c0f8297d6,meet:meeting,kmn-prqt-wxy,,thread_6c5fe8e9-e675-415e-bf6b-a40b72be52d9,meet,,2024-07-15 17:16:30 UTC,2024-07-15 17:42:13 UTC,0:25:43,,PARTICIPATED,,,2024-07-15 22:46:30 IST,False,2024-07-15 23:12:13 IST,False
100000000001,5682e25a-05ed-49fb-9a89-fd2ddf49da01,conf_b887febb34ca43869110727974304327,meet:meeting,arch-forum-live,,thread_5682e25a-05ed-49fb-9a89-fd2ddf49da01,meet,,2024-07-22 17:05:03 UTC,2024-07-22 18:29:26 UTC,1:24:23,,PARTICIPATED,,,2024-07-22 22:35:03 IST,False,2024-07-22 23:59:26 IST,False
100000000001,317360bd-b004-4e61-84ea-adca918dd528,conf_cb3837f7e6ca417192be9038cab5e42d,meet:meeting,rst-uvwx-yza,,thread_317360bd-b004-4e61-84ea-adca918dd528,meet,,2024-08-01 21:36:56 UTC,2024-08-01 22:23:36 UTC,0:46:40,,PARTICIPATED,,,2024-08-02 03:06:56 IST,False,2024-08-02 03:53:36 IST,False
100000000001,634e066d-6aa7-4d0e-941a-4304682a7ebd,conf_1f35b4ecbbfc4e34990f4dea0ef45858,meet:meeting,kmn-prqt-wxy,,thread_634e066d-6aa7-4d0e-941a-4304682a7ebd,meet,,2024-08-08 18:04:40 UTC,2024-08-08 18:22:45 UTC,0:18:05,,PARTICIPATED,,,2024-08-08 23:34:40 IST,False,2024-08-08 23:52:45 IST,False
100000000001,a0b7b3f3-1159-427a-a282-21c5a7d67ea2,conf_8cc061d073774229b48a20174501caeb,meet:meeting,eng-review-core,,thread_a0b7b3f3-1159-427a-a282-21c5a7d67ea2,meet,,2024-08-18 15:13:35 UTC,2024-08-18 15:34:06 UTC,0:20:31,,PARTICIPATED,,,2024-08-18 20:43:35 IST,False,2024-08-18 21:04:06 IST,False
100000000001,d803ed00-623b-4846-b456-175f2ab37dd3,conf_c44b424513df47d99d6e43b0bb0d1d60,meet:meeting,dev-sync-team,,thread_d803ed00-623b-4846-b456-175f2ab37dd3,meet,,2024-08-22 21:04:57 UTC,2024-08-22 21:35:15 UTC,0:30:18,,PARTICIPATED,,,2024-08-23 02:34:57 IST,False,2024-08-23 03:05:15 IST,False
100000000001,74558ecd-1d4d-479f-a64b-3c2ec6949edc,conf_eddb0386723f4bf6b58829648ed80d60,meet:meeting,tcj-dshy-pxs,,thread_74558ecd-1d4d-479f-a64b-3c2ec6949edc,meet,,2024-08-27 19:14:02 UTC,2024-08-27 20:11:14 UTC,0:57:12,,PARTICIPATED,,,2024-08-28 00:44:02 IST,False,2024-08-28 01:41:14 IST,False
100000000001,f968df39-7537-4ee0-84de-2de701a4537a,conf_e4a7626a52f342c0bb80d1c911e17243,meet:meeting,vws-klmn-opq,,thread_f968df39-7537-4ee0-84de-2de701a4537a,meet,,2024-09-05 15:06:33 UTC,2024-09-05 15:37:58 UTC,0:31:25,,PARTICIPATED,,,2024-09-05 20:36:33 IST,False,2024-09-05 21:07:58 IST,False
100000000001,0bf44dc3-fe72-43f3-bcc7-81e9a9dbde7e,conf_aa3299f35f284d16a767665c6c109e64,meet:meeting,tcj-dshy-pxs,,thread_0bf44dc3-fe72-43f3-bcc7-81e9a9dbde7e,meet,,2024-09-09 16:42:13 UTC,2024-09-09 17:16:12 UTC,0:33:59,,PARTICIPATED,,,2024-09-09 22:12:13 IST,False,2024-09-09 22:46:12 IST,False
100000000001,0751bef7-fffb-40af-97f4-35c94c6cee11,conf_c0d6edd4d20c444787dbca8d52c5b022,meet:meeting,design-critique-hub,,thread_0751bef7-fffb-40af-97f4-35c94c6cee11,meet,,2024-09-15 20:00:15 UTC,2024-09-15 21:15:07 UTC,1:14:52,,PARTICIPATED,,,2024-09-16 01:30:15 IST,False,2024-09-16 02:45:07 IST,False
100000000001,919029b6-b0f1-40a3-a561-dd4514b64b67,conf_f94e0fa4e07744ea9a01fb4415d3bdad,meet:meeting,kmn-prqt-wxy,,thread_919029b6-b0f1-40a3-a561-dd4514b64b67,meet,,2024-09-19 15:29:15 UTC,2024-09-19 16:36:05 UTC,1:06:50,,PARTICIPATED,,,2024-09-19 20:59:15 IST,False,2024-09-19 22:06:05 IST,False
100000000001,ac1f0cb4-be8e-4708-a412-56f0bda417e8,conf_c0582a4c11c04b1189b3a296b63b42a4,meet:meeting,kmn-prqt-wxy,,thread_ac1f0cb4-be8e-4708-a412-56f0bda417e8,meet,,2024-09-28 15:20:38 UTC,2024-09-28 16:22:36 UTC,1:01:58,,PARTICIPATED,,,2024-09-28 20:50:38 IST,False,2024-09-28 21:52:36 IST,False
100000000001,bfe6ee81-f541-480d-93e6-12f0cf65d070,conf_f52766581ba540299fffea2c19f98c7a,meet:meeting,vws-klmn-opq,,thread_bfe6ee81-f541-480d-93e6-12f0cf65d070,meet,,2024-10-02 20:32:33 UTC,2024-10-02 21:58:46 UTC,1:26:13,,PARTICIPATED,,,2024-10-03 02:02:33 IST,False,2024-10-03 03:28:46 IST,False
100000000001,13e862f6-3b90-4c01-85c2-2eac219aa89d,conf_ff0e4eb79ff24b979efcaf9c02c7c493,meet:meeting,tcj-dshy-pxs,,thread_13e862f6-3b90-4c01-85c2-2eac219aa89d,meet,,2024-10-07 18:10:06 UTC,2024-10-07 19:01:31 UTC,0:51:25,,PARTICIPATED,,,2024-10-07 23:40:06 IST,False,2024-10-08 00:31:31 IST,False
100000000001,79af6c8f-8ef8-4af5-96cb-05668f39b299,conf_1193193949b94c5999400061bb2b5feb,meet:meeting,design-critique-hub,,thread_79af6c8f-8ef8-4af5-96cb-05668f39b299,meet,,2024-10-13 15:07:10 UTC,2024-10-13 15:24:56 UTC,0:17:46,,PARTICIPATED,,,2024-10-13 20:37:10 IST,False,2024-10-13 20:54:56 IST,False
100000000001,4433170b-676c-4b50-862b-7a09fa368db6,conf_7f8304a5045a40d0be8b8ee729d1b5b0,meet:meeting,dev-sync-team,,thread_4433170b-676c-4b50-862b-7a09fa368db6,meet,,2024-10-20 20:24:10 UTC,2024-10-20 21:12:44 UTC,0:48:34,,PARTICIPATED,,,2024-10-21 01:54:10 IST,False,2024-10-21 02:42:44 IST,False
100000000001,6cb019a3-6e03-4ff2-aa30-3633c0d10137,conf_7089b08628664a8bbdab9d716d9861dc,meet:meeting,kmn-prqt-wxy,,thread_6cb019a3-6e03-4ff2-aa30-3633c0d10137,meet,,2024-10-26 14:16:37 UTC,2024-10-26 14:59:17 UTC,0:42:40,,PARTICIPATED,,,2024-10-26 19:46:37 IST,False,2024-10-26 20:29:17 IST,False
100000000001,ae683634-0868-4945-a824-6df945ef6be8,conf_2fa9fc5c40de4063977634982041ac1c,meet:meeting,dev-sync-team,,thread_ae683634-0868-4945-a824-6df945ef6be8,meet,,2024-11-03 17:00:11 UTC,2024-11-03 17:24:25 UTC,0:24:14,,PARTICIPATED,,,2024-11-03 22:30:11 IST,False,2024-11-03 22:54:25 IST,False
100000000001,4142eab5-0e1c-47f1-b846-0389e69adec8,conf_d3194df9f8a24bf18ab842957a7e7d05,meet:meeting,design-critique-hub,,thread_4142eab5-0e1c-47f1-b846-0389e69adec8,meet,,2024-11-09 17:42:51 UTC,2024-11-09 18:20:19 UTC,0:37:28,,PARTICIPATED,,,2024-11-09 23:12:51 IST,False,2024-11-09 23:50:19 IST,False
100000000001,05490f46-d961-4c46-8938-437abcfc5d29,conf_13478a30c35d4f1fba4b45afffcdc28b,meet:meeting,abc-defg-hij,,thread_05490f46-d961-4c46-8938-437abcfc5d29,meet,,2024-11-14 17:22:10 UTC,2024-11-14 18:50:33 UTC,1:28:23,,PARTICIPATED,,,2024-11-14 22:52:10 IST,False,2024-11-15 00:20:33 IST,False
100000000001,bc069836-7ba5-4831-bdf7-bd914c78975c,conf_c9126c9aa4d94efc87d36a31d8053a60,meet:meeting,abc-defg-hij,,thread_bc069836-7ba5-4831-bdf7-bd914c78975c,meet,,2024-11-23 21:24:39 UTC,2024-11-23 22:33:36 UTC,1:08:57,,PARTICIPATED,,,2024-11-24 02:54:39 IST,False,2024-11-24 04:03:36 IST,False
100000000001,e4baa87b-44fc-4e75-b879-b6eae2ae260b,conf_768750468b584057859f55837fd6fe78,meet:meeting,dev-sync-team,,thread_e4baa87b-44fc-4e75-b879-b6eae2ae260b,meet,,2024-12-01 21:01:08 UTC,2024-12-01 22:09:23 UTC,1:08:15,,PARTICIPATED,,,2024-12-02 02:31:08 IST,False,2024-12-02 03:39:23 IST,False
100000000001,b052740d-8dbb-4958-b8d3-645837bf0236,conf_e58d894a2d724a179f3d1f220122bdfe,meet:meeting,rst-uvwx-yza,,thread_b052740d-8dbb-4958-b8d3-645837bf0236,meet,,2024-12-07 21:02:15 UTC,2024-12-07 22:10:33 UTC,1:08:18,,PARTICIPATED,,,2024-12-08 02:32:15 IST,False,2024-12-08 03:40:33 IST,False
100000000001,e476e050-076a-4fde-8f7b-d45575dd7634,conf_f1e6446d87d542ae9408c2dc18546833,meet:meeting,eng-review-core,,thread_e476e050-076a-4fde-8f7b-d45575dd7634,meet,,2024-12-11 21:31:39 UTC,2024-12-11 22:38:08 UTC,1:06:29,,PARTICIPATED,,,2024-12-12 03:01:39 IST,False,2024-12-12 04:08:08 IST,False
100000000001,9534f318-eba4-4878-9c2a-67d67b465ecc,conf_0ba62696cb5c4e62921e9e650799e802,meet:meeting,design-critique-hub,,thread_9534f318-eba4-4878-9c2a-67d67b465ecc,meet,,2024-12-18 14:16:23 UTC,2024-12-18 14:51:43 UTC,0:35:20,,PARTICIPATED,,,2024-12-18 19:46:23 IST,False,2024-12-18 20:21:43 IST,False
100000000001,f38bd77a-9185-4fbf-b4ee-81d3208059fb,conf_029117411acf4b939f8f39e1c197b949,meet:meeting,eng-review-core,,thread_f38bd77a-9185-4fbf-b4ee-81d3208059fb,meet,,2024-12-25 18:40:45 UTC,2024-12-25 19:29:25 UTC,0:48:40,,PARTICIPATED,,,2024-12-26 00:10:45 IST,False,2024-12-26 00:59:25 IST,False
100000000001,66cf1462-3f88-4d17-862d-683b581dbfd3,conf_9114338b84aa4e64bf92543dc0855940,meet:meeting,dev-sync-team,,thread_66cf1462-3f88-4d17-862d-683b581dbfd3,meet,,2024-12-29 17:25:29 UTC,2024-12-29 17:47:40 UTC,0:22:11,,PARTICIPATED,,,2024-12-29 22:55:29 IST,False,2024-12-29 23:17:40 IST,False
100000000001,13061ee2-8978-4fdc-af28-87333790d399,conf_1cb095633f894ca888ea91bbafb51955,meet:meeting,arch-forum-live,,thread_13061ee2-8978-4fdc-af28-87333790d399,meet,,2025-01-03 18:07:03 UTC,2025-01-03 18:42:42 UTC,0:35:39,,PARTICIPATED,,,2025-01-03 23:37:03 IST,False,2025-01-04 00:12:42 IST,False
100000000001,7dd5cd7f-4eaf-4fb8-b8c4-b85dd99997d9,conf_03ffa570813c43f79a85c3a03a520f83,meet:meeting,abc-defg-hij,,thread_7dd5cd7f-4eaf-4fb8-b8c4-b85dd99997d9,meet,,2025-01-11 19:45:22 UTC,2025-01-11 20:32:02 UTC,0:46:40,,PARTICIPATED,,,2025-01-12 01:15:22 IST,False,2025-01-12 02:02:02 IST,False
100000000001,59680465-8bf2-4250-a307-d54ff8c97bf9,conf_2ec6066930354c0eaea1322d097ee326,meet:meeting,arch-forum-live,,thread_59680465-8bf2-4250-a307-d54ff8c97bf9,meet,,2025-01-17 19:34:22 UTC,2025-01-17 20:50:04 UTC,1:15:42,,PARTICIPATED,,,2025-01-18 01:04:22 IST,False,2025-01-18 02:20:04 IST,False
100000000001,3633c35b-ee69-4d8a-bc1a-b6937b7e16aa,conf_51ac8df4a7674eda89cf09fa3d6f881b,meet:meeting,tcj-dshy-pxs,,thread_3633c35b-ee69-4d8a-bc1a-b6937b7e16aa,meet,,2025-01-23 18:28:07 UTC,2025-01-23 19:53:33 UTC,1:25:26,,PARTICIPATED,,,2025-01-23 23:58:07 IST,False,2025-01-24 01:23:33 IST,False
100000000001,2679a8ea-22bb-45b0-8d93-27a2eb7990a7,conf_7820e63a460e4d549d6ccef58b0bbb3a,meet:meeting,eng-review-core,,thread_2679a8ea-22bb-45b0-8d93-27a2eb7990a7,meet,,2025-01-31 14:16:26 UTC,2025-01-31 15:27:26 UTC,1:11:00,,PARTICIPATED,,,2025-01-31 19:46:26 IST,False,2025-01-31 20:57:26 IST,False
100000000001,b9fdd704-f174-4e44-b5ea-4fa8566d6564,conf_49b13c07f3f3476f9cf2b4facd3bca80,meet:meeting,vws-klmn-opq,,thread_b9fdd704-f174-4e44-b5ea-4fa8566d6564,meet,,2025-02-05 14:06:17 UTC,2025-02-05 15:18:05 UTC,1:11:48,,PARTICIPATED,,,2025-02-05 19:36:17 IST,False,2025-02-05 20:48:05 IST,False
100000000001,043095d4-c899-42f1-8a3e-68194f8dd0c1,conf_6b68432ccd4e409394f6a017b9946e2f,meet:meeting,eng-review-core,,thread_043095d4-c899-42f1-8a3e-68194f8dd0c1,meet,,2025-02-12 19:42:09 UTC,2025-02-12 20:41:23 UTC,0:59:14,,PARTICIPATED,,,2025-02-13 01:12:09 IST,False,2025-02-13 02:11:23 IST,False
100000000001,9e000657-dc51-4537-b046-01bde0669269,conf_51774dc199904053a528740c0124a5ba,meet:meeting,rst-uvwx-yza,,thread_9e000657-dc51-4537-b046-01bde0669269,meet,,2025-02-17 16:17:30 UTC,2025-02-17 17:05:44 UTC,0:48:14,,PARTICIPATED,,,2025-02-17 21:47:30 IST,False,2025-02-17 22:35:44 IST,False
100000000001,623788a3-ff29-4ca7-8d4c-f1c0c56603b0,conf_fdfd8aa8388f42db91aee66233a0b91e,meet:meeting,tcj-dshy-pxs,,thread_623788a3-ff29-4ca7-8d4c-f1c0c56603b0,meet,,2025-02-23 16:25:54 UTC,2025-02-23 17:15:29 UTC,0:49:35,,PARTICIPATED,,,2025-02-23 21:55:54 IST,False,2025-02-23 22:45:29 IST,False
100000000001,cc56b158-d3fa-48f2-8e82-6c115dfcc68a,conf_3fedb61c1e224c588c621e08357799c0,meet:meeting,eng-review-core,,thread_cc56b158-d3fa-48f2-8e82-6c115dfcc68a,meet,,2025-02-27 20:31:16 UTC,2025-02-27 20:54:45 UTC,0:23:29,,PARTICIPATED,,,2025-02-28 02:01:16 IST,False,2025-02-28 02:24:45 IST,False
100000000001,f653a28c-c8f8-4a54-a16e-9b7e16632d43,conf_afe61543148b46a49221b0e8498fe2e8,meet:meeting,eng-review-core,,thread_f653a28c-c8f8-4a54-a16e-9b7e16632d43,meet,,2025-03-03 20:14:25 UTC,2025-03-03 21:42:58 UTC,1:28:33,,PARTICIPATED,,,2025-03-04 01:44:25 IST,False,2025-03-04 03:12:58 IST,False
100000000001,c1f64145-7412-4667-adc1-80c75dd44824,conf_36a44e5093964ea1a6ec86e9d0f39bf3,meet:meeting,eng-review-core,,thread_c1f64145-7412-4667-adc1-80c75dd44824,meet,,2025-03-13 15:17:07 UTC,2025-03-13 16:16:38 UTC,0:59:31,,PARTICIPATED,,,2025-03-13 20:47:07 IST,False,2025-03-13 21:46:38 IST,False
100000000001,327cf982-d869-44b4-ba0a-ccdb5a4fe81f,conf_cf41018d351b46629ee789daeacb48cb,meet:meeting,eng-review-core,,thread_327cf982-d869-44b4-ba0a-ccdb5a4fe81f,meet,,2025-03-19 21:21:49 UTC,2025-03-19 21:52:07 UTC,0:30:18,,PARTICIPATED,,,2025-03-20 02:51:49 IST,False,2025-03-20 03:22:07 IST,False
100000000001,dce3e7e3-7485-4ef2-9ce9-b014c8b52424,conf_bbb7b6b334c145c685496244a10c43b3,meet:meeting,eng-review-core,,thread_dce3e7e3-7485-4ef2-9ce9-b014c8b52424,meet,,2025-03-24 18:09:10 UTC,2025-03-24 19:12:08 UTC,1:02:58,,PARTICIPATED,,,2025-03-24 23:39:10 IST,False,2025-03-25 00:42:08 IST,False
100000000001,41392d22-96b2-42d2-ac65-b4f74301ccf5,conf_e12e4f1121694f4db71f0fa131b35732,meet:meeting,design-critique-hub,,thread_41392d22-96b2-42d2-ac65-b4f74301ccf5,meet,,2025-03-31 16:06:57 UTC,2025-03-31 17:08:54 UTC,1:01:57,,PARTICIPATED,,,2025-03-31 21:36:57 IST,False,2025-03-31 22:38:54 IST,False
100000000001,3deee939-8cfd-4199-a26c-6114929ed19f,conf_5fd308ee6fbb4f14b768e4db106a0c36,meet:meeting,abc-defg-hij,,thread_3deee939-8cfd-4199-a26c-6114929ed19f,meet,,2025-04-10 19:05:49 UTC,2025-04-10 19:37:20 UTC,0:31:31,,PARTICIPATED,,,2025-04-11 00:35:49 IST,False,2025-04-11 01:07:20 IST,False
100000000001,3ff2afdb-a189-48d0-a9ed-dfda93ad30df,conf_f25bfda288a24060b6837ba90471b27e,meet:meeting,vws-klmn-opq,,thread_3ff2afdb-a189-48d0-a9ed-dfda93ad30df,meet,,2025-04-17 16:38:10 UTC,2025-04-17 17:11:30 UTC,0:33:20,,PARTICIPATED,,,2025-04-17 22:08:10 IST,False,2025-04-17 22:41:30 IST,False
100000000001,b1bc1918-3725-4b10-b957-a801454032a1,conf_196d2cf980d9432a99ebb26a3cb467a4,meet:meeting,abc-defg-hij,,thread_b1bc1918-3725-4b10-b957-a801454032a1,meet,,2025-04-23 14:27:56 UTC,2025-04-23 15:47:38 UTC,1:19:42,,PARTICIPATED,,,2025-04-23 19:57:56 IST,False,2025-04-23 21:17:38 IST,False
100000000001,8048394b-ad5a-4c27-b6cb-d1a621c683cb,conf_f857ee71bb2d4d618213b89d9eb51ef7,meet:meeting,kmn-prqt-wxy,,thread_8048394b-ad5a-4c27-b6cb-d1a621c683cb,meet,,2025-05-03 14:14:17 UTC,2025-05-03 15:20:49 UTC,1:06:32,,PARTICIPATED,,,2025-05-03 19:44:17 IST,False,2025-05-03 20:50:49 IST,False
100000000001,bdd2d39b-43eb-472d-bd95-8a133e1f9a2c,conf_6e9f23152c0446b29336bfdda4a2bcd0,meet:meeting,arch-forum-live,,thread_bdd2d39b-43eb-472d-bd95-8a133e1f9a2c,meet,,2025-05-11 18:32:13 UTC,2025-05-11 18:51:46 UTC,0:19:33,,PARTICIPATED,,,2025-05-12 00:02:13 IST,False,2025-05-12 00:21:46 IST,False
100000000001,edc6507c-8ceb-4706-8f35-51dea4ec9138,conf_1e183af62c244d0f9c97110817fbfd76,meet:meeting,tcj-dshy-pxs,,thread_edc6507c-8ceb-4706-8f35-51dea4ec9138,meet,,2025-05-19 17:00:53 UTC,2025-05-19 17:45:56 UTC,0:45:03,,PARTICIPATED,,,2025-05-19 22:30:53 IST,False,2025-05-19 23:15:56 IST,False
100000000001,54f6b691-f13b-42dd-8794-3e8f2e965703,conf_12a80e1adce649d2b07667bc01727fee,meet:meeting,dev-sync-team,,thread_54f6b691-f13b-42dd-8794-3e8f2e965703,meet,,2025-05-24 16:24:55 UTC,2025-05-24 17:35:55 UTC,1:11:00,,PARTICIPATED,,,2025-05-24 21:54:55 IST,False,2025-05-24 23:05:55 IST,False
100000000001,50d594e2-c206-416e-b210-2e24d9fa2827,conf_c32cb4b02c1f4d8eb2661a60317ac8fa,meet:meeting,kmn-prqt-wxy,,thread_50d594e2-c206-416e-b210-2e24d9fa2827,meet,,2025-05-31 16:07:02 UTC,2025-05-31 17:29:49 UTC,1:22:47,,PARTICIPATED,,,2025-05-31 21:37:02 IST,False,2025-05-31 22:59:49 IST,False
100000000001,03a6959e-0700-4eef-9fb5-e761c4c27cc5,conf_5b381cc7a0534281bddc6c32d49526aa,meet:meeting,tcj-dshy-pxs,,thread_03a6959e-0700-4eef-9fb5-e761c4c27cc5,meet,,2025-06-09 20:15:56 UTC,2025-06-09 21:32:36 UTC,1:16:40,,PARTICIPATED,,,2025-06-10 01:45:56 IST,False,2025-06-10 03:02:36 IST,False
100000000001,a135d2f7-59fa-423d-95d4-e3fc6298ca71,conf_b6c3d1586e8c4479a9219b47c63f9374,meet:meeting,vws-klmn-opq,,thread_a135d2f7-59fa-423d-95d4-e3fc6298ca71,meet,,2025-06-19 18:18:07 UTC,2025-06-19 18:40:38 UTC,0:22:31,,PARTICIPATED,,,2025-06-19 23:48:07 IST,False,2025-06-20 00:10:38 IST,False
100000000001,347ee097-fe52-4c30-b48d-217749c0291f,conf_f096d8b6e5cd4957a09e3e3f14d08c88,meet:meeting,kmn-prqt-wxy,,thread_347ee097-fe52-4c30-b48d-217749c0291f,meet,,2025-06-23 16:06:07 UTC,2025-06-23 17:17:52 UTC,1:11:45,,PARTICIPATED,,,2025-06-23 21:36:07 IST,False,2025-06-23 22:47:52 IST,False
100000000001,3483e4b0-ab8c-4c61-879d-79af27e9f645,conf_0cdee90cc69b487daa1d81ab04bac2bc,meet:meeting,dev-sync-team,,thread_3483e4b0-ab8c-4c61-879d-79af27e9f645,meet,,2025-06-29 20:41:13 UTC,2025-06-29 21:45:32 UTC,1:04:19,,PARTICIPATED,,,2025-06-30 02:11:13 IST,False,2025-06-30 03:15:32 IST,False
100000000001,d1e20927-4f68-4966-bbdd-76b4d1b1715f,conf_8c15adec00a740d3bbc48e8f288c2a0c,meet:meeting,kmn-prqt-wxy,,thread_d1e20927-4f68-4966-bbdd-76b4d1b1715f,meet,,2025-07-08 18:42:57 UTC,2025-07-08 19:16:13 UTC,0:33:16,,PARTICIPATED,,,2025-07-09 00:12:57 IST,False,2025-07-09 00:46:13 IST,False
100000000001,18838b19-f727-478b-b018-028c14157927,conf_cc325bf957cd442dad667a383e185180,meet:meeting,design-critique-hub,,thread_18838b19-f727-478b-b018-028c14157927,meet,,2025-07-13 17:07:35 UTC,2025-07-13 17:55:54 UTC,0:48:19,,PARTICIPATED,,,2025-07-13 22:37:35 IST,False,2025-07-13 23:25:54 IST,False
100000000001,85813d6a-8e0a-4210-9e7a-f5d391842475,conf_a1b845a631e048a0a5bebc1fec4f1e36,meet:meeting,kmn-prqt-wxy,,thread_85813d6a-8e0a-4210-9e7a-f5d391842475,meet,,2025-07-20 16:20:33 UTC,2025-07-20 17:44:42 UTC,1:24:09,,PARTICIPATED,,,2025-07-20 21:50:33 IST,False,2025-07-20 23:14:42 IST,False
100000000001,58b4c958-0dcd-4f93-ba0e-18e5cdf162f8,conf_d00f4322b30b4742bce622fb561c4b2b,meet:meeting,design-critique-hub,,thread_58b4c958-0dcd-4f93-ba0e-18e5cdf162f8,meet,,2025-07-27 21:11:35 UTC,2025-07-27 21:29:08 UTC,0:17:33,,PARTICIPATED,,,2025-07-28 02:41:35 IST,False,2025-07-28 02:59:08 IST,False
100000000001,7478fcd7-2533-4bf0-9403-31373f222780,conf_546e5f1f65b44ba89db492841c03036f,meet:meeting,abc-defg-hij,,thread_7478fcd7-2533-4bf0-9403-31373f222780,meet,,2025-08-06 14:25:55 UTC,2025-08-06 14:52:50 UTC,0:26:55,,PARTICIPATED,,,2025-08-06 19:55:55 IST,False,2025-08-06 20:22:50 IST,False
100000000001,a9d492b1-566e-422e-81ea-0ee5aae3b5ee,conf_a3e07a559d1f48fe8f1a8a43479448e6,meet:meeting,arch-forum-live,,thread_a9d492b1-566e-422e-81ea-0ee5aae3b5ee,meet,,2025-08-14 16:32:51 UTC,2025-08-14 17:08:00 UTC,0:35:09,,PARTICIPATED,,,2025-08-14 22:02:51 IST,False,2025-08-14 22:38:00 IST,False
100000000001,8003753b-2782-4e02-bb22-0027ba0207a3,conf_82e0903d44244e92991b7b014c4adcde,meet:meeting,arch-forum-live,,thread_8003753b-2782-4e02-bb22-0027ba0207a3,meet,,2025-08-20 16:02:34 UTC,2025-08-20 17:24:50 UTC,1:22:16,,PARTICIPATED,,,2025-08-20 21:32:34 IST,False,2025-08-20 22:54:50 IST,False
100000000001,70ce8bab-1ed8-43fe-b19e-2e8f47917fb7,conf_334c48993215431fb1fcd14a4ed00092,meet:meeting,design-critique-hub,,thread_70ce8bab-1ed8-43fe-b19e-2e8f47917fb7,meet,,2025-08-28 16:43:52 UTC,2025-08-28 18:05:19 UTC,1:21:27,,PARTICIPATED,,,2025-08-28 22:13:52 IST,False,2025-08-28 23:35:19 IST,False
100000000001,bbc140a5-ad26-4cc0-9b4d-43588a1248d2,conf_1d695f1b3f974ee0b847b2a5e1a6206a,meet:meeting,arch-forum-live,,thread_bbc140a5-ad26-4cc0-9b4d-43588a1248d2,meet,,2025-09-06 21:09:26 UTC,2025-09-06 22:06:25 UTC,0:56:59,,PARTICIPATED,,,2025-09-07 02:39:26 IST,False,2025-09-07 03:36:25 IST,False
100000000001,62d545d0-2672-4477-9fa8-3fdaa5c568ad,conf_2b0eac30b9de47f58dfa9d1655345cca,meet:meeting,design-critique-hub,,thread_62d545d0-2672-4477-9fa8-3fdaa5c568ad,meet,,2025-09-10 17:11:41 UTC,2025-09-10 17:42:16 UTC,0:30:35,,PARTICIPATED,,,2025-09-10 22:41:41 IST,False,2025-09-10 23:12:16 IST,False
100000000001,c5fb9926-e8dc-4396-8bef-b52254e1a20e,conf_eced4e3574e448149274727f7de88188,meet:meeting,dev-sync-team,,thread_c5fb9926-e8dc-4396-8bef-b52254e1a20e,meet,,2025-09-20 19:30:08 UTC,2025-09-20 19:47:00 UTC,0:16:52,,PARTICIPATED,,,2025-09-21 01:00:08 IST,False,2025-09-21 01:17:00 IST,False
100000000001,99340047-c7d9-4261-9858-0ee6257267ed,conf_b2ae46ef259941a584c3ea42fdb8216c,meet:meeting,vws-klmn-opq,,thread_99340047-c7d9-4261-9858-0ee6257267ed,meet,,2025-09-30 16:15:09 UTC,2025-09-30 17:37:14 UTC,1:22:05,,PARTICIPATED,,,2025-09-30 21:45:09 IST,False,2025-09-30 23:07:14 IST,False
100000000001,80349d88-de9c-4eeb-98a2-1a05fad33bdc,conf_0c79b4491b2d46ecbec8a2108d04de45,meet:meeting,arch-forum-live,,thread_80349d88-de9c-4eeb-98a2-1a05fad33bdc,meet,,2025-10-04 17:06:25 UTC,2025-10-04 18:10:40 UTC,1:04:15,,PARTICIPATED,,,2025-10-04 22:36:25 IST,False,2025-10-04 23:40:40 IST,False
100000000001,f9a7510a-fa34-495d-8a75-b558779211c9,conf_9e5baf96bd9546318fd061a5cc5f3b04,meet:meeting,rst-uvwx-yza,,thread_f9a7510a-fa34-495d-8a75-b558779211c9,meet,,2025-10-10 20:19:18 UTC,2025-10-10 21:31:00 UTC,1:11:42,,PARTICIPATED,,,2025-10-11 01:49:18 IST,False,2025-10-11 03:01:00 IST,False
100000000001,bd596cb7-964c-4104-9d76-3319e36953ee,conf_b0b7afdb6f6d467cb3125eef94fade79,meet:meeting,kmn-prqt-wxy,,thread_bd596cb7-964c-4104-9d76-3319e36953ee,meet,,2025-10-17 19:25:09 UTC,2025-10-17 20:10:12 UTC,0:45:03,,PARTICIPATED,,,2025-10-18 00:55:09 IST,False,2025-10-18 01:40:12 IST,False
100000000001,19316b9d-118e-498d-85cf-6536db664aee,conf_bb063767eabc4e91b7e0fbeace6bee13,meet:meeting,tcj-dshy-pxs,,thread_19316b9d-118e-498d-85cf-6536db664aee,meet,,2025-10-25 17:42:10 UTC,2025-10-25 18:44:35 UTC,1:02:25,,PARTICIPATED,,,2025-10-25 23:12:10 IST,False,2025-10-26 00:14:35 IST,False
100000000001,310ef2bb-701b-4353-9e33-1f9bc09adfe1,conf_871915a918c34e5cb4f7896f5b31311c,meet:meeting,rst-uvwx-yza,,thread_310ef2bb-701b-4353-9e33-1f9bc09adfe1,meet,,2025-11-04 17:28:22 UTC,2025-11-04 18:54:06 UTC,1:25:44,,PARTICIPATED,,,2025-11-04 22:58:22 IST,False,2025-11-05 00:24:06 IST,False
100000000001,33c55b85-89bd-48b5-8d56-d7c01b6f2ee6,conf_db97f825e9594578b6f45b8d0d72457a,meet:meeting,design-critique-hub,,thread_33c55b85-89bd-48b5-8d56-d7c01b6f2ee6,meet,,2025-11-09 20:34:46 UTC,2025-11-09 21:14:32 UTC,0:39:46,,PARTICIPATED,,,2025-11-10 02:04:46 IST,False,2025-11-10 02:44:32 IST,False
100000000001,a9f26bfb-437b-48e8-b768-e4c6416553b0,conf_d75054eeaf7742d1ac3bf941ae5ffbae,meet:meeting,design-critique-hub,,thread_a9f26bfb-437b-48e8-b768-e4c6416553b0,meet,,2025-11-18 15:12:48 UTC,2025-11-18 16:37:39 UTC,1:24:51,,PARTICIPATED,,,2025-11-18 20:42:48 IST,False,2025-11-18 22:07:39 IST,False
100000000001,e3cf3967-5a41-4fef-916e-378208a678be,conf_64272346b0f644c2a3929e2d0629af94,meet:meeting,abc-defg-hij,,thread_e3cf3967-5a41-4fef-916e-378208a678be,meet,,2025-11-24 20:44:36 UTC,2025-11-24 21:46:38 UTC,1:02:02,,PARTICIPATED,,,2025-11-25 02:14:36 IST,False,2025-11-25 03:16:38 IST,False
100000000001,cd4ee50d-fc5d-4017-bc4a-690db1fa99cd,conf_14094ca69de049f3b13988d3f115fc2e,meet:meeting,eng-review-core,,thread_cd4ee50d-fc5d-4017-bc4a-690db1fa99cd,meet,,2025-11-29 18:17:41 UTC,2025-11-29 18:51:56 UTC,0:34:15,,PARTICIPATED,,,2025-11-29 23:47:41 IST,False,2025-11-30 00:21:56 IST,False
100000000001,2c9fdefe-2d18-4021-89ed-ccf89acfc740,conf_694b87ecfe6b463a928e5e8369a345d6,meet:meeting,abc-defg-hij,,thread_2c9fdefe-2d18-4021-89ed-ccf89acfc740,meet,,2025-12-06 19:13:14 UTC,2025-12-06 19:53:15 UTC,0:40:01,,PARTICIPATED,,,2025-12-07 00:43:14 IST,False,2025-12-07 01:23:15 IST,False
100000000001,3558ab3e-79e7-4082-98cc-3070069fb31e,conf_fb6ce5f920c548519162262f3961cb75,meet:meeting,vws-klmn-opq,,thread_3558ab3e-79e7-4082-98cc-3070069fb31e,meet,,2025-12-15 21:06:48 UTC,2025-12-15 21:51:52 UTC,0:45:04,,PARTICIPATED,,,2025-12-16 02:36:48 IST,False,2025-12-16 03:21:52 IST,False
100000000001,266299c9-86c3-47e0-b966-bcee4bad23b6,conf_2898daf0285e4479974c71d5b9777acb,meet:meeting,abc-defg-hij,,thread_266299c9-86c3-47e0-b966-bcee4bad23b6,meet,,2025-12-21 20:44:24 UTC,2025-12-21 21:31:04 UTC,0:46:40,,PARTICIPATED,,,2025-12-22 02:14:24 IST,False,2025-12-22 03:01:04 IST,False
100000000001,13aa1403-0e29-465d-aa68-24d9a8b5ad00,conf_386ecb8b8d6947a993c7063bf8802c6d,meet:meeting,design-critique-hub,,thread_13aa1403-0e29-465d-aa68-24d9a8b5ad00,meet,,2025-12-28 18:07:00 UTC,2025-12-28 19:25:13 UTC,1:18:13,,PARTICIPATED,,,2025-12-28 23:37:00 IST,False,2025-12-29 00:55:13 IST,False
100000000001,d162cb26-d539-468d-a6b6-2b37ae7d449b,conf_8ad93b871494483089b38978d18e1e80,meet:meeting,rst-uvwx-yza,,thread_d162cb26-d539-468d-a6b6-2b37ae7d449b,meet,,2026-01-05 16:09:16 UTC,2026-01-05 16:40:28 UTC,0:31:12,,PARTICIPATED,,,2026-01-05 21:39:16 IST,False,2026-01-05 22:10:28 IST,False
100000000001,a7618aae-8f34-4e8f-8f7f-ab3e5b49a89f,conf_da307621c4c540778f97b730893b4400,meet:meeting,rst-uvwx-yza,,thread_a7618aae-8f34-4e8f-8f7f-ab3e5b49a89f,meet,,2026-01-13 20:37:48 UTC,2026-01-13 21:32:39 UTC,0:54:51,,PARTICIPATED,,,2026-01-14 02:07:48 IST,False,2026-01-14 03:02:39 IST,False
100000000001,3dafd901-ce02-4b03-a4e8-d06ca7762516,conf_e8ee25d5d02b4fd78d5eedbf65260299,meet:meeting,design-critique-hub,,thread_3dafd901-ce02-4b03-a4e8-d06ca7762516,meet,,2026-01-20 16:14:06 UTC,2026-01-20 17:17:09 UTC,1:03:03,,PARTICIPATED,,,2026-01-20 21:44:06 IST,False,2026-01-20 22:47:09 IST,False
100000000001,690b39b7-a6ed-4241-885f-334e4ec3e4ce,conf_f36953273b5444e9a911f4b3f9b8fe81,meet:meeting,design-critique-hub,,thread_690b39b7-a6ed-4241-885f-334e4ec3e4ce,meet,,2026-01-29 14:18:30 UTC,2026-01-29 15:04:44 UTC,0:46:14,,PARTICIPATED,,,2026-01-29 19:48:30 IST,False,2026-01-29 20:34:44 IST,False
100000000001,cb51cbd5-f868-4c6c-8827-697f4aecab2d,conf_25b88a2c223b4d8ca33d5916b908aebb,meet:meeting,rst-uvwx-yza,,thread_cb51cbd5-f868-4c6c-8827-697f4aecab2d,meet,,2026-02-03 21:11:12 UTC,2026-02-03 22:06:36 UTC,0:55:24,,PARTICIPATED,,,2026-02-04 02:41:12 IST,False,2026-02-04 03:36:36 IST,False
100000000001,31548f6f-c67c-4699-ae4c-1fc220ce0931,conf_18301a5329e54a6aaccc2a77f7c69d8a,meet:meeting,kmn-prqt-wxy,,thread_31548f6f-c67c-4699-ae4c-1fc220ce0931,meet,,2026-02-09 20:37:34 UTC,2026-02-09 20:56:01 UTC,0:18:27,,PARTICIPATED,,,2026-02-10 02:07:34 IST,False,2026-02-10 02:26:01 IST,False
100000000001,23679527-40e4-49cd-baf3-8a5d2b6a3721,conf_f3a8ff8b117a4132a7fa93dbf8fea863,meet:meeting,rst-uvwx-yza,,thread_23679527-40e4-49cd-baf3-8a5d2b6a3721,meet,,2026-02-17 17:37:10 UTC,2026-02-17 17:55:39 UTC,0:18:29,,PARTICIPATED,,,2026-02-17 23:07:10 IST,False,2026-02-17 23:25:39 IST,False
100000000001,8786a73d-ab9a-4562-9321-c93d7cc3ed1a,conf_59fc8955a06d4ae28b2f0c0420c9ca39,meet:meeting,eng-review-core,,thread_8786a73d-ab9a-4562-9321-c93d7cc3ed1a,meet,,2026-02-26 16:31:12 UTC,2026-02-26 17:03:01 UTC,0:31:49,,PARTICIPATED,,,2026-02-26 22:01:12 IST,False,2026-02-26 22:33:01 IST,False
100000000001,50c172ca-1496-49d4-94c9-bf2f3cd04dee,conf_1460f2c84d3e483e847205d5a644eb85,meet:meeting,dev-sync-team,,thread_50c172ca-1496-49d4-94c9-bf2f3cd04dee,meet,,2026-03-04 19:18:25 UTC,2026-03-04 19:36:02 UTC,0:17:37,,PARTICIPATED,,,2026-03-05 00:48:25 IST,False,2026-03-05 01:06:02 IST,False
100000000001,745d2e44-1034-4393-a0a0-ab74413d2d3b,conf_abab6962be784041ba1e8e78f4ade332,meet:meeting,dev-sync-team,,thread_745d2e44-1034-4393-a0a0-ab74413d2d3b,meet,,2026-03-14 15:07:25 UTC,2026-03-14 16:17:17 UTC,1:09:52,,PARTICIPATED,,,2026-03-14 20:37:25 IST,False,2026-03-14 21:47:17 IST,False
100000000001,f14c0f21-050f-4ed9-a4a3-e1f6739a9196,conf_858f64c23cd247318025c2de7e439c62,meet:meeting,rst-uvwx-yza,,thread_f14c0f21-050f-4ed9-a4a3-e1f6739a9196,meet,,2026-03-21 19:11:12 UTC,2026-03-21 20:11:52 UTC,1:00:40,,PARTICIPATED,,,2026-03-22 00:41:12 IST,False,2026-03-22 01:41:52 IST,False
100000000001,1c449ede-f7c3-485e-8d8e-cb75ff894583,conf_194f468d72c0421cb5c146764c9aacea,meet:meeting,abc-defg-hij,,thread_1c449ede-f7c3-485e-8d8e-cb75ff894583,meet,,2026-03-31 18:13:16 UTC,2026-03-31 18:36:23 UTC,0:23:07,,PARTICIPATED,,,2026-03-31 23:43:16 IST,False,2026-04-01 00:06:23 IST,False
100000000001,f89cdb3f-dddc-4a8b-9909-3399a4c166a4,conf_ff79b22ca213404181d18ba6534b4abb,meet:meeting,vws-klmn-opq,,thread_f89cdb3f-dddc-4a8b-9909-3399a4c166a4,meet,,2026-04-06 15:16:39 UTC,2026-04-06 16:22:12 UTC,1:05:33,,PARTICIPATED,,,2026-04-06 20:46:39 IST,False,2026-04-06 21:52:12 IST,False
100000000001,5d9bb779-fc88-4be5-8f31-bfb058c73635,conf_5ab94700e8ee47ad95300ec5e7cbf33f,meet:meeting,dev-sync-team,,thread_5d9bb779-fc88-4be5-8f31-bfb058c73635,meet,,2026-04-12 20:40:30 UTC,2026-04-12 21:33:02 UTC,0:52:32,,PARTICIPATED,,,2026-04-13 02:10:30 IST,False,2026-04-13 03:03:02 IST,False
100000000001,d1b1765f-ece4-49fd-973b-10e63f80d523,conf_28408cb9389c4b63a427d044048561b7,meet:meeting,abc-defg-hij,,thread_d1b1765f-ece4-49fd-973b-10e63f80d523,meet,,2026-04-16 20:41:23 UTC,2026-04-16 21:38:34 UTC,0:57:11,,PARTICIPATED,,,2026-04-17 02:11:23 IST,False,2026-04-17 03:08:34 IST,False
100000000001,3c396ac1-ddf4-4340-925f-8481f3675d01,conf_0c14746c160644538ef1f3b0428c5d92,meet:meeting,kmn-prqt-wxy,,thread_3c396ac1-ddf4-4340-925f-8481f3675d01,meet,,2026-04-25 20:41:23 UTC,2026-04-25 21:38:58 UTC,0:57:35,,PARTICIPATED,,,2026-04-26 02:11:23 IST,False,2026-04-26 03:08:58 IST,False
100000000001,adbe8ed4-b220-48e7-8f80-b6a878a295be,conf_7eb71cacda1e4e3dac2782ce7df69b88,meet:meeting,rst-uvwx-yza,,thread_adbe8ed4-b220-48e7-8f80-b6a878a295be,meet,,2026-05-03 16:08:19 UTC,2026-05-03 17:17:32 UTC,1:09:13,,PARTICIPATED,,,2026-05-03 21:38:19 IST,False,2026-05-03 22:47:32 IST,False
100000000001,c8f4d77e-e66e-411b-876c-39a6c89dbd26,conf_64b757be24a341859794494ef45d3352,meet:meeting,rst-uvwx-yza,,thread_c8f4d77e-e66e-411b-876c-39a6c89dbd26,meet,,2026-05-12 15:27:03 UTC,2026-05-12 16:16:06 UTC,0:49:03,,PARTICIPATED,,,2026-05-12 20:57:03 IST,False,2026-05-12 21:46:06 IST,False
100000000001,cdbd6173-f023-416f-97e5-5bfbf9892ffe,conf_58fdefc17b94493cb6abe5ee680168f7,meet:meeting,eng-review-core,,thread_cdbd6173-f023-416f-97e5-5bfbf9892ffe,meet,,2026-05-18 20:09:43 UTC,2026-05-18 21:00:05 UTC,0:50:22,,PARTICIPATED,,,2026-05-19 01:39:43 IST,False,2026-05-19 02:30:05 IST,False
100000000001,35b1f5c1-37dd-4d8a-9943-5f12915eac04,conf_c1cd8b578582484fa35373ac596cfc68,meet:meeting,abc-defg-hij,,thread_35b1f5c1-37dd-4d8a-9943-5f12915eac04,meet,,2026-05-27 20:00:58 UTC,2026-05-27 21:17:33 UTC,1:16:35,,PARTICIPATED,,,2026-05-28 01:30:58 IST,False,2026-05-28 02:47:33 IST,False
100000000001,e610ffb7-ad7e-4f46-8016-322548408e75,conf_11254bc89c48422abbfbd88b489a3e77,meet:meeting,abc-defg-hij,,thread_e610ffb7-ad7e-4f46-8016-322548408e75,meet,,2026-06-02 14:36:48 UTC,2026-06-02 15:52:26 UTC,1:15:38,,PARTICIPATED,,,2026-06-02 20:06:48 IST,False,2026-06-02 21:22:26 IST,False
100000000001,f3d308e9-f0b8-4220-aee7-83605ceb4595,conf_36327e3ad26e4bfb83b09e77b2b74be4,meet:meeting,kmn-prqt-wxy,,thread_f3d308e9-f0b8-4220-aee7-83605ceb4595,meet,,2026-06-12 16:04:47 UTC,2026-06-12 17:30:35 UTC,1:25:48,,PARTICIPATED,,,2026-06-12 21:34:47 IST,False,2026-06-12 23:00:35 IST,False
100000000001,5464fa9b-d4ea-476b-b94b-775466a4fd84,conf_5ad424d61db24da78a4234032abfa672,meet:meeting,tcj-dshy-pxs,,thread_5464fa9b-d4ea-476b-b94b-775466a4fd84,meet,,2026-06-22 14:11:21 UTC,2026-06-22 14:48:15 UTC,0:36:54,,PARTICIPATED,,,2026-06-22 19:41:21 IST,False,2026-06-22 20:18:15 IST,False
